<?xml version="1.0" encoding="UTF-8"?>

<!-- 
 * PopulateDatabase.xml
 *
 * Copyright (C) 2017 Universidad de Sevilla
 * 
 * The use of this project is hereby constrained to the conditions of the 
 * TDG Licence, a copy of which you may download from 
 * http://www.tdg-seville.info/License.html
 -->

<beans xmlns="http://www.springframework.org/schema/beans"
	xmlns:xsi="http://www.w3.org/2001/XMLSchema-instance"
	xsi:schemaLocation="
		http://www.springframework.org/schema/beans http://www.springframework.org/schema/beans/spring-beans.xsd
	">
	
	<!-- User accounts -->

	<bean id="userAccount1" class="security.UserAccount">
		<property name="username" value="admin" />
		<property name="password" value="21232f297a57a5a743894a0e4a801fc3" />
		<property name="authorities">
			<list>
				<bean class="security.Authority">
					<property name="authority" value="ADMIN" />
				</bean>
			</list>
		</property>
	</bean>

	<bean id="userAccount2" class="security.UserAccount">
		<property name="username" value="user1" />
		<property name="password" value="24c9e15e52afc47c225b757e7bee1f9d" />
		<property name="authorities">
			<list>
				<bean class="security.Authority">
					<property name="authority" value="USER" />
				</bean>
			</list>
		</property>
	</bean>
	
	<bean id="userAccount3" class="security.UserAccount">
		<property name="username" value="user2" />
		<property name="password" value="7e58d63b60197ceb55a1c487989a3720" />
		<property name="authorities">
			<list>
				<bean class="security.Authority">
					<property name="authority" value="USER" />
				</bean>
			</list>
		</property>
	</bean>
	
	<bean id="userAccount4" class="security.UserAccount">
		<property name="username" value="user3" />
		<property name="password" value="92877af70a45fd6a2ed7fe81e1236b78" />
		<property name="authorities">
			<list>
				<bean class="security.Authority">
					<property name="authority" value="USER" />
				</bean>
			</list>
		</property>
	</bean>
	
	<bean id="userAccount5" class="security.UserAccount">
		<property name="username" value="manager1" />
		<property name="password" value="c240642ddef994358c96da82c0361a58" />
		<property name="authorities">
			<list>
				<bean class="security.Authority">
					<property name="authority" value="MANAGER" />
				</bean>
			</list>
		</property>
	</bean>
	
	<bean id="userAccount6" class="security.UserAccount">
		<property name="username" value="manager2" />
		<property name="password" value="8df5127cd164b5bc2d2b78410a7eea0c" />
		<property name="authorities">
			<list>
				<bean class="security.Authority">
					<property name="authority" value="MANAGER" />
				</bean>
			</list>
		</property>
	</bean>
	
	<bean id="userAccount7" class="security.UserAccount">
		<property name="username" value="manager3" />
		<property name="password" value="2d3a5db4a2a9717b43698520a8de57d0" />
		<property name="authorities">
			<list>
				<bean class="security.Authority">
					<property name="authority" value="MANAGER" />
				</bean>
			</list>
		</property>
	</bean>
	
	<bean id="userAccount8" class="security.UserAccount">
		<property name="username" value="super" />
		<property name="password" value="1b3231655cebb7a1f783eddf27d254ca" />
		<property name="authorities">
			<list>
				<bean class="security.Authority">
					<property name="authority" value="ADMIN" />
				</bean>
				<bean class="security.Authority">
					<property name="authority" value="USER" />
				</bean>
				<bean class="security.Authority">
					<property name="authority" value="MANAGER" />
				</bean>
			</list>
		</property>
	</bean>
	
	<!-- Other domain beans come here -->	
	
	<!-- Admin -->
	
	<bean id="administrator1" class="domain.Administrator">
		<property name="name" value="Admin 1"/>
		<property name="surname" value="Surname Admin 1"/>
		<property name="email" value="admin1@gmail.com"/>
		<property name="contactPhone" value="+34 (954) 596093"/>
		
		<property name="userAccount" ref="userAccount1"/>
	</bean>
	
	<!-- Configuration -->
	
	<bean id="configuration1" class="domain.Configuration">
		<property name="campaignFee" value="1.00" />
		<property name="fee" value="1.00" />
	</bean>
	
	
	<!-- ExchangeRate -->
	
	<bean id="exchangeRate1" class="domain.ExchangeRate">
		<property name="isoCode" value="USD" />
		<property name="currency" value="US Dollar" />
		<property name="value1EUR" value="1.09302" />
	</bean>
	
	<bean id="exchangeRate2" class="domain.ExchangeRate">
		<property name="isoCode" value="GBP" />
		<property name="currency" value="British Pound" />
		<property name="value1EUR" value="0.848191" />
	</bean>
	
	<bean id="exchangeRate3" class="domain.ExchangeRate">
		<property name="isoCode" value="NOK" />
		<property name="currency" value="Norwegian Krone" />
		<property name="value1EUR" value="9.35647" />
	</bean>
	
	<bean id="exchangeRate4" class="domain.ExchangeRate">
		<property name="isoCode" value="RUB" />
		<property name="currency" value="Russian Ruble" />
		<property name="value1EUR" value="62.4186" />
	</bean>
	
	<bean id="exchangeRate5" class="domain.ExchangeRate">
		<property name="isoCode" value="JPY" />
		<property name="currency" value="Japanese Yen" />
		<property name="value1EUR" value="123.874" />
	</bean>
	
	<bean id="exchangeRate6" class="domain.ExchangeRate">
		<property name="isoCode" value="CNY" />
		<property name="currency" value="Chinese Yuan Renminbi" />
		<property name="value1EUR" value="7.54086" />
	</bean>
	
	<!-- Airport -->
	
	<bean id="airport1" class="domain.Airport">
		<property name="country" value="España" />
		<property name="state" value="Cataluña" />
		<property name="province" value="Barcelona" />
		<property name="city" value="El Prat de Llobregat" />
		<property name="airportName" value="Aeropuerto de Barcelona-El Prat" />
		<property name="iataCode" value="BCN" />
		<property name="rate" value="8.76" />
		<property name="deleted" value="false" />
		<property name="outgoings">
			<list>
				<ref bean="flight1" />
				<ref bean="flight6" />
				<ref bean="flight9" />
			</list>
		</property>
	</bean>
	
	<bean id="airport2" class="domain.Airport">
		<property name="country" value="Italia" />
		<property name="state" value="Véneto" />
		<property name="city" value="Treviso" />
		<property name="airportName" value="Aeropuerto de Sant'Angelo Treviso" />
		<property name="iataCode" value="TSF" />
		<property name="rate" value="5.20" />
		<property name="deleted" value="false" />
		<property name="outgoings">
			<list>
				<ref bean="flight7" />
			</list>
		</property>
	</bean>
	
	<bean id="airport3" class="domain.Airport">
		<property name="country" value="Noruega" />
		<property name="city" value="Gardermoen" />
		<property name="airportName" value="Aeropuerto de Oslo-Gardermoen" />
		<property name="iataCode" value="OSL" />
		<property name="rate" value="9.90" />
		<property name="deleted" value="false" />
		<property name="outgoings">
			<list>
				<ref bean="flight2" />
			</list>
		</property>
	</bean>
	
	<bean id="airport4" class="domain.Airport">
		<property name="country" value="España" />
		<property name="city" value="Sevilla" />
		<property name="airportName" value="Aeropuerto de Sevilla" />
		<property name="iataCode" value="SVQ" />
		<property name="rate" value="4.25" />
		<property name="deleted" value="false" />
		<property name="outgoings">
			<list>
				<ref bean="flight3" />
				<ref bean="flight8" />
			</list>
		</property>
	</bean>
	
	<bean id="airport5" class="domain.Airport">
		<property name="country" value="Paises Bajos" />
		<property name="city" value="Amsterdam" />
		<property name="airportName" value="Aeropuerto de Schiphol" />
		<property name="iataCode" value="AMS" />
		<property name="rate" value="3.99" />
		<property name="deleted" value="false" />
		<property name="outgoings">
			<list>
				<ref bean="flight4" />
			</list>
		</property>
	</bean>
	
	<!-- Airline -->
	
	<bean id="airline1" class="domain.Airline">
		<property name="name" value="Vueling Airlines" />
		<property name="picture" value="http://blog.studentsville.it/wp-content/uploads/2013/05/Vueling_logo.jpg" />
		<property name="contactPhone" value="+34 902808005" />
		<property name="email" value="clientes@vueling.com" />
		<property name="rating" value="4" />
		<property name="deleted" value="false" />
		<property name="seasons">
			<list>
				<ref bean="season2" />
				<ref bean="season3" />
				<ref bean="season5" />
				<ref bean="season8" />
				<ref bean="season9" />
			</list>
		</property>
	</bean>
	
	<bean id="airline2" class="domain.Airline">
		<property name="name" value="Ryanair" />
		<property name="picture" value="https://www.ryanair.com/etc/designs/ryanair/favicon/logo.png" />
		<property name="contactPhone" value="(44) 8712460002" />
		<property name="email" value="clientes@ryanair.com" />
		<property name="rating" value="2.5" />
		<property name="deleted" value="false" />
		<property name="seasons">
			<list>
				<ref bean="season1" />
				<ref bean="season7" />
			</list>
		</property>
	</bean>
	
	<bean id="airline3" class="domain.Airline">
		<property name="name" value="Transavia airlines" />
		<property name="picture" value="https://www.aeropuertoinfo.com/wp-content/uploads/Logo-Transavia.jpg" />
		<property name="contactPhone" value="+34 901111500" />
		<property name="email" value="clientes@transavia.com" />
		<property name="rating" value="3.5" />
		<property name="deleted" value="false" />
		<property name="seasons">
			<list>
				<ref bean="season4" />
				<ref bean="season6" />
			</list>
		</property>
	</bean>
	
	<!-- AirlineConfiguration -->
	
	<bean id="airlineConfiguration1" class="domain.AirlineConfiguration">
		<property name="maxCancellationDays" value="7"/>
		<property name="maxChildrenAge" value="13"/>
		<property name="childrenDiscount" value="10.0"/>
		<property name="maxBagWeight" value="15.5"/>
		<property name="overweightBagPrice" value="30.0"/>
		<property name="airline" ref="airline1"/>
	</bean>
	
	<bean id="airlineConfiguration2" class="domain.AirlineConfiguration">
		<property name="maxCancellationDays" value="14"/>
		<property name="maxChildrenAge" value="16"/>
		<property name="childrenDiscount" value="12.0"/>
		<property name="maxBagWeight" value="20.0"/>
		<property name="overweightBagPrice" value="25.0"/>
		<property name="airline" ref="airline2"/>
	</bean>
	
	<bean id="airlineConfiguration3" class="domain.AirlineConfiguration">
		<property name="maxCancellationDays" value="30"/>
		<property name="maxChildrenAge" value="15"/>
		<property name="childrenDiscount" value="9.5"/>
		<property name="maxBagWeight" value="15.5"/>
		<property name="overweightBagPrice" value="20.0"/>
		<property name="airline" ref="airline3"/>
	</bean>
	
	<!-- Season -->
	
	<bean id="season1" class="domain.Season">
		<property name="title" value="Season 1" />
		<property name="startDay" value="10" />
		<property name="startMonth" value="01" />
		<property name="endDay" value="31" />
		<property name="endMonth" value="03" />
		<property name="type" value="discount" />
		<property name="pricePercentage" value="80.0" />
		<property name="inactive" value="false" />
		<property name="airline" ref="airline2" />
	</bean>
	
	<bean id="season2" class="domain.Season">
		<property name="title" value="Season 2" />
		<property name="startDay" value="02" />
		<property name="startMonth" value="03" />
		<property name="endDay" value="01" />
		<property name="endMonth" value="04" />
		<property name="type" value="increase" />
		<property name="pricePercentage" value="25.0" />
		<property name="inactive" value="false" />
		<property name="airline" ref="airline1" />
	</bean>
	
	<bean id="season3" class="domain.Season">
		<property name="title" value="Season 3" />
		<property name="startDay" value="02" />
		<property name="startMonth" value="04" />
		<property name="endDay" value="01" />
		<property name="endMonth" value="05" />
		<property name="type" value="discount" />
		<property name="pricePercentage" value="10.0" />
		<property name="inactive" value="false" />
		<property name="airline" ref="airline1" />
	</bean>
	
	<bean id="season4" class="domain.Season">
		<property name="title" value="Season 4" />
		<property name="startDay" value="02" />
		<property name="startMonth" value="05" />
		<property name="endDay" value="30" />
		<property name="endMonth" value="06" />
		<property name="type" value="increase" />
		<property name="pricePercentage" value="5.0" />
		<property name="inactive" value="false" />
		<property name="airline" ref="airline3" />
	</bean>
	
	<bean id="season5" class="domain.Season">
		<property name="title" value="Season 5" />
		<property name="startDay" value="01" />
		<property name="startMonth" value="07" />
		<property name="endDay" value="01" />
		<property name="endMonth" value="09" />
		<property name="type" value="increase" />
		<property name="pricePercentage" value="60.0" />
		<property name="inactive" value="false" />
		<property name="airline" ref="airline1" />
	</bean>
	
	<bean id="season6" class="domain.Season">
		<property name="title" value="Season 6" />
		<property name="startDay" value="22" />
		<property name="startMonth" value="09" />
		<property name="endDay" value="30" />
		<property name="endMonth" value="11" />
		<property name="type" value="discount" />
		<property name="pricePercentage" value="79.0" />
		<property name="inactive" value="false" />
		<property name="airline" ref="airline3" />
	</bean>
	
	<bean id="season7" class="domain.Season">
		<property name="title" value="Season 2" />
		<property name="startDay" value="27" />
		<property name="startMonth" value="4" />
		<property name="endDay" value="25" />
		<property name="endMonth" value="06" />
		<property name="type" value="increase" />
		<property name="pricePercentage" value="80.0" />
		<property name="inactive" value="false" />
		<property name="airline" ref="airline2" />
	</bean>
	
	<bean id="season8" class="domain.Season">
		<property name="title" value="Season 4" />
		<property name="startDay" value="02" />
		<property name="startMonth" value="05" />
		<property name="endDay" value="30" />
		<property name="endMonth" value="06" />
		<property name="type" value="increase" />
		<property name="pricePercentage" value="5.0" />
		<property name="inactive" value="false" />
		<property name="airline" ref="airline1" />
	</bean>
	
	<bean id="season9" class="domain.Season">
		<property name="title" value="Season 6" />
		<property name="startDay" value="22" />
		<property name="startMonth" value="09" />
		<property name="endDay" value="30" />
		<property name="endMonth" value="11" />
		<property name="type" value="discount" />
		<property name="pricePercentage" value="79.0" />
		<property name="inactive" value="false" />
		<property name="airline" ref="airline1" />
	</bean>
	
	<!-- Flight -->
	
	<bean id="flight1" class="domain.Flight">
		<property name="creationMoment" value="01/01/2017 22:15" />
		<property name="departureDate" value="06/15/2017 11:55" />
		<property name="arrivalDate" value="06/15/2017 15:30" />
		<property name="businessPrice" value="60.6" />
		<property name="economyPrice" value="32.97" />
		<property name="businessSeats" value="10" />
		<property name="economySeats" value="100" />
		<property name="availableBusinessSeats" value="10" />
		<property name="availableEconomySeats" value="97" />
		<property name="cancelled" value="false" />
		<property name="airline" ref="airline1" />
		<property name="departure" ref="airport1" />
		<property name="destination" ref="airport3" />
	</bean>
	
	<bean id="flight2" class="domain.Flight">
		<property name="creationMoment" value="01/01/2017 22:15" />
		<property name="departureDate" value="06/22/2017 16:15" />
		<property name="arrivalDate" value="06/22/2017 19:40" />
		<property name="businessPrice" value="54.6" />
		<property name="economyPrice" value="26.05" />
		<property name="businessSeats" value="10" />
		<property name="economySeats" value="100" />
		<property name="availableBusinessSeats" value="10" />
		<property name="availableEconomySeats" value="97" />
		<property name="cancelled" value="false" />
		<property name="airline" ref="airline1" />
		<property name="departure" ref="airport3" />
		<property name="destination" ref="airport1" />
	</bean>
	
	<bean id="flight3" class="domain.Flight">
		<property name="creationMoment" value="01/01/2017 22:15" />
		<property name="departureDate" value="12/12/2017 20:05" />
		<property name="arrivalDate" value="12/12/2017 23:00" />
		<property name="businessPrice" value="92.8" />
		<property name="economyPrice" value="49.5" />
		<property name="businessSeats" value="40" />
		<property name="economySeats" value="149" />
		<property name="availableBusinessSeats" value="40" />
		<property name="availableEconomySeats" value="149" />
		<property name="cancelled" value="false" />
		<property name="airline" ref="airline3" />
		<property name="departure" ref="airport4" />
		<property name="destination" ref="airport5" />
	</bean>
	
	<bean id="flight4" class="domain.Flight">
		<property name="creationMoment" value="01/01/2017 22:15" />
		<property name="departureDate" value="06/15/2017 11:55" />
		<property name="arrivalDate" value="06/15/2017 15:30" />
		<property name="businessPrice" value="100.7" />
		<property name="economyPrice" value="44.75" />
		<property name="businessSeats" value="30" />
		<property name="economySeats" value="175" />
		<property name="availableBusinessSeats" value="30" />
		<property name="availableEconomySeats" value="175" />
		<property name="cancelled" value="false" />
		<property name="airline" ref="airline3" />
		<property name="departure" ref="airport1" />
		<property name="destination" ref="airport3" />
	</bean>
	
	<bean id="flight5" class="domain.Flight">
		<property name="creationMoment" value="01/01/2017 22:15" />
		<property name="departureDate" value="06/22/2017 16:15" />
		<property name="arrivalDate" value="06/22/2017 19:40" />
		<property name="businessPrice" value="59.82" />
		<property name="economyPrice" value="30.99" />
		<property name="businessSeats" value="24" />
		<property name="economySeats" value="132" />
		<property name="availableBusinessSeats" value="24" />
		<property name="availableEconomySeats" value="132" />
		<property name="cancelled" value="false" />
		<property name="airline" ref="airline3" />
		<property name="departure" ref="airport3" />
		<property name="destination" ref="airport1" />
	</bean>
	
	<bean id="flight6" class="domain.Flight">
		<property name="creationMoment" value="01/01/2017 22:15" />
		<property name="departureDate" value="06/23/2017 11:35" />
		<property name="arrivalDate" value="06/23/2017 13:35" />
		<property name="businessPrice" value="70.0" />
		<property name="economyPrice" value="20.5" />
		<property name="businessSeats" value="20" />
		<property name="economySeats" value="120" />
		<property name="availableBusinessSeats" value="10" />
		<property name="availableEconomySeats" value="98" />
		<property name="cancelled" value="false" />
		<property name="airline" ref="airline2" />
		<property name="departure" ref="airport1" />
		<property name="destination" ref="airport2" />
	</bean>
	
	<bean id="flight7" class="domain.Flight">
		<property name="creationMoment" value="01/01/2017 22:15" />
		<property name="departureDate" value="06/26/2017 22:35" />
		<property name="arrivalDate" value="06/27/2017 0:30" />
		<property name="businessPrice" value="69.9" />
		<property name="economyPrice" value="44.98" />
		<property name="businessSeats" value="20" />
		<property name="economySeats" value="130" />
		<property name="availableBusinessSeats" value="10" />
		<property name="availableEconomySeats" value="98" />
		<property name="cancelled" value="false" />
		<property name="airline" ref="airline2" />
		<property name="departure" ref="airport2" />
		<property name="destination" ref="airport1" />
	</bean>
	
	<bean id="flight8" class="domain.Flight">
		<property name="creationMoment" value="05/01/2016 22:15" />
		<property name="departureDate" value="05/25/2017 6:35" />
		<property name="arrivalDate" value="05/25/2017 8:15" />
		<property name="businessPrice" value="70.0" />
		<property name="economyPrice" value="42.18" />
		<property name="businessSeats" value="20" />
		<property name="economySeats" value="120" />
		<property name="availableBusinessSeats" value="20" />
		<property name="availableEconomySeats" value="117" />
		<property name="cancelled" value="false" />
		<property name="airline" ref="airline2" />
		<property name="departure" ref="airport4" />
		<property name="destination" ref="airport1" />
	</bean>
	
	<bean id="flight9" class="domain.Flight">
		<property name="creationMoment" value="05/01/2016 22:15" />
		<property name="departureDate" value="05/30/2017 22:35" />
		<property name="arrivalDate" value="05/30/2017 23:40" />
		<property name="businessPrice" value="69.9" />
		<property name="economyPrice" value="36.19" />
		<property name="businessSeats" value="20" />
		<property name="economySeats" value="130" />
		<property name="availableBusinessSeats" value="20" />
		<property name="availableEconomySeats" value="127" />
		<property name="cancelled" value="false" />
		<property name="airline" ref="airline2" />
		<property name="departure" ref="airport1" />
		<property name="destination" ref="airport4" />
	</bean>
	
	<bean id="flight10" class="domain.Flight">
		<property name="creationMoment" value="01/01/2017 22:15" />
		<property name="departureDate" value="06/18/2017 11:55" />
		<property name="arrivalDate" value="06/18/2017 15:30" />
		<property name="businessPrice" value="60.6" />
		<property name="economyPrice" value="32.97" />
		<property name="businessSeats" value="10" />
		<property name="economySeats" value="100" />
		<property name="availableBusinessSeats" value="10" />
		<property name="availableEconomySeats" value="100" />
		<property name="cancelled" value="false" />
		<property name="airline" ref="airline1" />
		<property name="departure" ref="airport1" />
		<property name="destination" ref="airport3" />
	</bean>
	
	<!-- Offer -->
	
	<bean id="offer1" class="domain.Offer">
		<property name="startMoment" value="05/15/2017 00:01"/>
		<property name="endMoment" value="05/23/2017 23:59"/>
		<property name="discount" value="2.5"/>
		<property name="offertables">
			<list>
				<ref bean="airline1" />
			</list>
		</property>
	</bean>
	
	<bean id="offer2" class="domain.Offer">
		<property name="startMoment" value="05/25/2017 00:01"/>
		<property name="endMoment" value="06/10/2017 23:59"/>
		<property name="discount" value="5.0"/>
		<property name="offertables">
			<list>
				<ref bean="airline1" />
			</list>
		</property>
	</bean>
	
	<bean id="offer3" class="domain.Offer">
		<property name="startMoment" value="03/01/2017 00:01"/>
		<property name="endMoment" value="03/31/2017 23:59"/>
		<property name="discount" value="1.0"/>
		<property name="offertables">
			<list>
				<ref bean="flight3" />
			</list>
		</property>
	</bean>
	
	<!-- Manager -->
	
	<bean id="manager1" class="domain.Manager">
		<property name="name" value="Rogelio"/>
		<property name="surname" value="Rosa Retorcido"/>
		<property name="email" value="rorore@gmail.com"/>
		<property name="contactPhone" value="+34 (954) 15948"/>
		<property name="userAccount" ref="userAccount5"/>
		<property name="airline" ref="airline1"/>
	</bean>
	
	<bean id="manager2" class="domain.Manager">
		<property name="name" value="Jorge"/>
		<property name="surname" value="Martínez León"/>
		<property name="email" value="jormarle@gmail.com"/>
		<property name="contactPhone" value="+34 (954) 98514"/>
		<property name="userAccount" ref="userAccount6"/>
		<property name="airline" ref="airline2"/>
	</bean>
	
	<bean id="manager3" class="domain.Manager">
		<property name="name" value="Manager 3"/>
		<property name="surname" value="Surname Manager 3"/>
		<property name="email" value="manager3@gmail.com"/>
		<property name="contactPhone" value="+34 (954) 32615"/>
		<property name="userAccount" ref="userAccount7"/>
		<property name="airline" ref="airline3"/>
	</bean>
	
	
	<!-- Campaign -->
	
	<bean id="campaign1" class="domain.Campaign">
		<property name="name" value="Campaign 1"/>
		<property name="startDate" value="02/01/2017 00:00:01" />
		<property name="endDate" value="06/30/2017 23:59:59" />
		<property name="maxDisplayed" value="3"/>
		<property name="deleted" value="false"/>
		<property name="airline" ref="airline1"/>
	</bean>
	
	<bean id="campaign2" class="domain.Campaign">
		<property name="name" value="Campaign 2"/>
		<property name="startDate" value="04/01/2017 00:00:01" />
		<property name="endDate" value="08/30/2017 23:59:59" />
		<property name="maxDisplayed" value="4"/>
		<property name="deleted" value="false"/>
		<property name="airline" ref="airline2"/>
	</bean>
	
	<bean id="campaign3" class="domain.Campaign">
		<property name="name" value="Campaign 3"/>
		<property name="startDate" value="12/01/2017 00:00:01" />
		<property name="endDate" value="12/20/2017 23:59:59" />
		<property name="maxDisplayed" value="2"/>
		<property name="deleted" value="false"/>
		<property name="airline" ref="airline3"/>
	</bean>
	
	<bean id="campaign4" class="domain.Campaign">
		<property name="name" value="Campaign 4"/>
		<property name="startDate" value="07/01/2017 00:00:01" />
		<property name="endDate" value="08/30/2017 23:59:59" />
		<property name="maxDisplayed" value="5"/>
		<property name="deleted" value="true"/>
		<property name="airline" ref="airline1"/>
	</bean>
	
	<!-- Banner -->
	
	<bean id="banner1" class="domain.Banner">
		<property name="numDisplayed" value="2" />
		<property name="numDisplayedBilled" value="1" />
		<property name="picture" value="http://ultimallamada.com/wp-content/uploads/2016/09/Vueling-680x350.jpg" />
		<property name="campaign" ref="campaign1"/>
	</bean>
	
	<bean id="banner2" class="domain.Banner">
		<property name="numDisplayed" value="0" />
		<property name="numDisplayedBilled" value="0" />
		<property name="picture" value="http://jubbaairways.com/images/schedules-banner-img.jpg" />
		<property name="campaign" ref="campaign2"/>
	</bean>
	
	<bean id="banner3" class="domain.Banner">
		<property name="numDisplayed" value="0" />
		<property name="numDisplayedBilled" value="0" />
		<property name="picture" value="http://img.net-v.ca/images/en/flights_banner.jpg" />
		<property name="campaign" ref="campaign3"/>
	</bean>
	
	<bean id="banner4" class="domain.Banner">
		<property name="numDisplayed" value="2" />
		<property name="numDisplayedBilled" value="1" />
		<property name="picture" value="http://recursos.anuncios.com/files/781/55.jpg" />
		<property name="campaign" ref="campaign1"/>
	</bean>
	
	<bean id="banner5" class="domain.Banner">
		<property name="numDisplayed" value="2" />
		<property name="numDisplayedBilled" value="2" />
		<property name="picture" value="http://3.bp.blogspot.com/-5ZlFlC5qsFc/VVwgeILPVpI/AAAAAAAAZd8/C80F-tnLh3U/s1600/vueling5.jpg" />
		<property name="campaign" ref="campaign1"/>
	</bean>
	
	<bean id="banner6" class="domain.Banner">
		<property name="numDisplayed" value="2" />
		<property name="numDisplayedBilled" value="2" />
		<property name="picture" value="https://img.blogs.es/zenithmedia/wp-content/uploads/2015/07/vueling1.jpg" />
		<property name="campaign" ref="campaign1"/>
	</bean>
	
	<bean id="banner7" class="domain.Banner">
		<property name="numDisplayed" value="2" />
		<property name="numDisplayedBilled" value="2" />
		<property name="picture" value="http://cdn.airportthai.co.th/uploads/profiles/0000000007/filemanager/images/banner_flight_schedule%281%29.jpg" />
		<property name="campaign" ref="campaign2"/>
	</bean>
	
	<bean id="banner8" class="domain.Banner">
		<property name="numDisplayed" value="2" />
		<property name="numDisplayedBilled" value="2" />
		<property name="picture" value="http://skykingtravel.in/wp-content/uploads/2016/04/flight-booking-banner-1.jpg" />
		<property name="campaign" ref="campaign2"/>
	</bean>
	
	<!-- MonthlyBill -->
	
	<bean id="monthlyBill1" class="domain.MonthlyBill">
		<property name="creationMoment" value="03/01/2017 22:30:23" />
		<property name="paidMoment" value="03/01/2017 22:30:56" />
		<property name="description" value="description monthlyBill 1" />
		<property name="totalFee" value="18.76" />
		<property name="airline" ref="airline1" />
		<property name="campaigns">
			<list>
				<ref bean="campaign1" /> 
			</list>
		</property>
		
	</bean>
	
	<bean id="monthlyBill2" class="domain.MonthlyBill">
		<property name="creationMoment" value="04/01/2017 22:30:23" />
		<property name="description" value="description monthlyBill 2" />
		<property name="totalFee" value="18.76" />
		<property name="airline" ref="airline1" />
		<property name="campaigns">
			<list>
				<ref bean="campaign1" /> 
			</list>
		</property>
	</bean>
	
	<bean id="monthlyBill3" class="domain.MonthlyBill">
		<property name="creationMoment" value="05/01/2017 12:20:43" />
		<property name="paidMoment" value="05/01/2017 12:21:56" />
		<property name="description" value="description monthlyBill 2" />
		<property name="totalFee" value="26.97" />
		<property name="airline" ref="airline2" />
		<property name="campaigns">
			<list>
				<ref bean="campaign2" /> 
			</list>
		</property>
	</bean>
	
	<!-- User -->
	
	<bean id="user1" class="domain.User">
		<property name="name" value="User 1" />
		<property name="surname" value="Surname 1" />
		<property name="contactPhone" value="1234" />
		<property name="email" value="user1@gmail.com" />
		<property name="userAccount" ref="userAccount2" />
	</bean>
	
	<bean id="user2" class="domain.User">
		<property name="name" value="User 2" />
		<property name="surname" value="Surname 2" />
		<property name="contactPhone" value="+34 (955) 555555" />
		<property name="email" value="user2@gmail.com" />
		<property name="userAccount" ref="userAccount3" />
	</bean>
	
	<bean id="user3" class="domain.User">
		<property name="name" value="User 3" />
		<property name="surname" value="Surname 3" />
		<property name="contactPhone" value="5678" />
		<property name="email" value="user3@gmail.com" />
		<property name="userAccount" ref="userAccount4" />
	</bean>
	
	<!-- CreditCard -->
	
	<bean id="creditCard1" class="domain.CreditCard">
		<property name="holderName" value="Gloria Bustos Cuéllar" />
		<property name="brandName" value="VISA" />
		<property name="number" value="4015224727093842" />
		<property name="expirationMonth" value="12" />
		<property name="expirationYear" value="2017" />
		<property name="cvv" value="290" />
		<property name="user" ref="user1" />
	</bean>
		
	<bean id="creditCard2" class="domain.CreditCard">
		<property name="holderName" value="Rafael Raimundo Rana" />
		<property name="brandName" value="MASTERCARD" />
		<property name="number" value="4810100212629307" />
		<property name="expirationMonth" value="11" />
		<property name="expirationYear" value="2018" />
		<property name="cvv" value="270" />
		<property name="user" ref="user2" />
	</bean>
	
	<bean id="creditCard3" class="domain.CreditCard">
		<property name="holderName" value="Silvia Sánchez Casal" />
		<property name="brandName" value="DISCOVER" />
		<property name="number" value="6011179219437494" />
		<property name="expirationMonth" value="4" />
		<property name="expirationYear" value="2017" />
		<property name="cvv" value="270" />
		<property name="user" ref="user3" />
	</bean>
	
	<!-- Finder -->
	
	<bean id="finder1" class="domain.Finder">
		<property name="departureDate" value="06/15/2017" />
		<property name="isBusiness" value="false" />
		<property name="passengersNumber" value="2" />
		<property name="childrenNumber" value="0" />
		<property name="returnFlight" value="true" />
		<property name="returnDate" value="06/22/2017" />
		<property name="departure" ref="airport1" />
		<property name="destination" ref="airport3" />
		<property name="user" ref="user1" />
	</bean>
	
	<bean id="finder2" class="domain.Finder">
		<property name="departureDate" value="06/26/2017" />
		<property name="isBusiness" value="false" />
		<property name="passengersNumber" value="1" />
		<property name="childrenNumber" value="0" />
		<property name="returnFlight" value="false" />
		<property name="departure" ref="airport2" />
		<property name="destination" ref="airport1" />
		<property name="user" ref="user2" />
	</bean>
	
	<bean id="finder3" class="domain.Finder">
		<property name="departureDate" value="04/01/2017" />
		<property name="isBusiness" value="false" />
		<property name="passengersNumber" value="1" />
		<property name="childrenNumber" value="0" />
		<property name="returnFlight" value="false" />
		<property name="departure" ref="airport1" />
		<property name="destination" ref="airport4" />
		<property name="user" ref="user3" />
	</bean>
	
	<!-- PointsCard -->
	
	<bean id="pointsCard1" class="domain.PointsCard">
		<property name="expirationMoment" value="10/31/2017 12:30:00" />
		<property name="points" value="2" />
		<property name="user" ref="user1" />
		<property name="airline" ref="airline1" />
	</bean>
	
	<bean id="pointsCard2" class="domain.PointsCard">
		<property name="expirationMoment" value="07/10/2017 15:30:01" />
		<property name="points" value="2" />
		<property name="user" ref="user1" />
		<property name="airline" ref="airline2" />
	</bean>
	
	<bean id="pointsCard3" class="domain.PointsCard">
		<property name="expirationMoment" value="02/14/2017 14:02:17" />
		<property name="points" value="10" />
		<property name="user" ref="user1" />
		<property name="airline" ref="airline3" />
	</bean>
	
	<bean id="pointsCard4" class="domain.PointsCard">
		<property name="expirationMoment" value="10/31/2017 12:30:00" />
		<property name="points" value="1" />
		<property name="user" ref="user2" />
		<property name="airline" ref="airline1" />
	</bean>
	
	<bean id="pointsCard5" class="domain.PointsCard">
		<property name="expirationMoment" value="07/10/2017 15:30:01" />
		<property name="points" value="1" />
		<property name="user" ref="user2" />
		<property name="airline" ref="airline2" />
	</bean>
	
	<bean id="pointsCard6" class="domain.PointsCard">
		<property name="expirationMoment" value="10/31/2017 12:30:00" />
		<property name="points" value="0" />
		<property name="user" ref="user3" />
		<property name="airline" ref="airline1" />
	</bean>
	
	<!-- Book -->
	
	<bean id="book1" class="domain.Book">
		<property name="creationMoment" value="05/11/2017 12:30:00" />
		<property name="passengersNumber" value="2" />
		<property name="childrenNumber" value="0" />
		<property name="isBusiness" value="false" />
		<property name="totalFee" value="191.68" />
		<property name="user" ref="user1" />
		<property name="flights">
			<list>
				<ref bean="flight6" /> 
				<ref bean="flight7" /> 
			</list>
		</property>
		<property name="offers">
			<list>
			</list>
		</property>
		<property name="seasons">
			<list>
				<ref bean="season7" /> 
			</list>
		</property>
	</bean>
	
	<bean id="book2" class="domain.Book">
		<property name="creationMoment" value="07/02/2016 10:34:00" />
		<property name="passengersNumber" value="2" />
		<property name="childrenNumber" value="1" />
		<property name="isBusiness" value="true" />
		<property name="totalFee" value="759.59" />
		<property name="user" ref="user1" />
		<property name="flights">
			<list>
				<ref bean="flight8" /> 
				<ref bean="flight9" /> 
			</list>
		</property>
		<property name="offers">
			<list>
			</list>
		</property>
		<property name="seasons">
			<list>
				<ref bean="season1" /> 
			</list>
		</property>
	</bean>
	
	<bean id="book3" class="domain.Book">
		<property name="creationMoment" value="05/20/2017 10:34:00" />
		<property name="passengersNumber" value="3" />
		<property name="childrenNumber" value="0" />
		<property name="isBusiness" value="false" />
		<property name="totalFee" value="223.15" />
		<property name="user" ref="user2" />
		<property name="flights">
			<list>
				<ref bean="flight1" /> 
				<ref bean="flight2" /> 
			</list>
		</property>
		<property name="offers">
			<list>
				<ref bean="offer1" /> 
				<ref bean="offer1" /> 
			</list>
		</property>
		<property name="seasons">
			<list>
				<ref bean="season8" /> 
				<ref bean="season8" /> 
			</list>
		</property>
	</bean>
	
	<bean id="book4" class="domain.Book">
		<property name="creationMoment" value="07/02/2016 10:34:00" />
		<property name="passengersNumber" value="3" />
		<property name="childrenNumber" value="0" />
		<property name="isBusiness" value="false" />
		<property name="totalFee" value="462.23" />
		<property name="cancelationMoment" value="08/02/2016 10:34:00" />
		<property name="user" ref="user2" />
		<property name="flights">
			<list>
				<ref bean="flight8" /> 
				<ref bean="flight9" /> 
			</list>
		</property>
		<property name="offers">
			<list>
			</list>
		</property>
		<property name="seasons">
			<list>
				<ref bean="season1" /> 
			</list>
		</property>
	</bean>
	
	<bean id="book5" class="domain.Book">
		<property name="creationMoment" value="05/28/2017 22:34:10" />
		<property name="passengersNumber" value="4" />
		<property name="childrenNumber" value="0" />
		<property name="isBusiness" value="false" />
		<property name="totalFee" value="219.7" />
		<property name="user" ref="user2" />
		<property name="flights">
			<list>
				<ref bean="flight3" /> 
			</list>
		</property>
		<property name="offers">
			<list>
				<ref bean="offer1" /> 
			</list>
		</property>
		<property name="seasons">
			<list>
				<ref bean="season4" /> 
			</list>
		</property>
	</bean>
	
	<bean id="book6" class="domain.Book">
		<property name="creationMoment" value="04/28/2017 13:29:10" />
		<property name="passengersNumber" value="1" />
		<property name="childrenNumber" value="0" />
		<property name="isBusiness" value="true" />
		<property name="totalFee" value="134.04" />
		<property name="user" ref="user3" />
		<property name="flights">
			<list>
				<ref bean="flight9" /> 
			</list>
		</property>
		<property name="offers">
			<list>
			</list>
		</property>
		<property name="seasons">
			<list>
				<ref bean="season7" /> 
			</list>
		</property>
	</bean>
	<!-- Applies -->
	
	<bean id="applies1" class="domain.Applies">
		<property name="usedPoints" value="1"/>
		<property name="book" ref="book2"/>
		<property name="pointsCard" ref="pointsCard2"/>
		<property name="flight" ref="flight8"/>
	</bean>
	
	<bean id="applies2" class="domain.Applies">
		<property name="usedPoints" value="2"/>
		<property name="book" ref="book2"/>
		<property name="pointsCard" ref="pointsCard2"/>
		<property name="flight" ref="flight9"/>
	</bean>
	
	<!-- Invoice -->
	
	<bean id="invoice1" class="domain.Invoice">
		<property name="creationMoment" value="04/02/2017 23:40"/>
		<property name="paidMoment" value="04/04/2017 12:40"/>
		<property name="totalFee" value="305.82"/>
		<property name="book" ref="book2"/>
	</bean>
	
	<!-- Comments -->
	
	<bean id="comment1" class="domain.Comment">
		<property name="creationMoment" value="04/04/2017 13:47"/>
		<property name="type" value="Positive"/>
		<property name="commentText" value="Muy cómodo y muy buen servicio. Un placer volar con ellos."/>
		<property name="rating" ref="rating1"/>
		<property name="airline" ref="airline2"/>
		<property name="user" ref="user1"/>
	</bean>
	
	<bean id="comment2" class="domain.Comment">
		<property name="creationMoment" value="04/03/2017 12:40"/>
		<property name="type" value="Negative"/>
		<property name="commentText" value="Me perdieron la maleta"/>
		<property name="rating" ref="rating2"/>
		<property name="airline" ref="airline2"/>
		<property name="user" ref="user2"/>
	</bean>
	
	<bean id="comment3" class="domain.Comment">
		<property name="creationMoment" value="03/27/2017 10:40"/>
		<property name="type" value="Neutral"/>
		<property name="commentText" value="He volado mucho con esta compañía y no tengo muchas quejas aunque las hay mejores"/>
		<property name="rating" ref="rating3"/>
		<property name="airline" ref="airline1"/>
		<property name="user" ref="user3"/>
	</bean>
	
	<bean id="comment4" class="domain.Comment">
		<property name="creationMoment" value="03/29/2017 15:58"/>
		<property name="type" value="Positive"/>
		<property name="commentText" value="Todo muy bien, aunque mejoraría la comida que ofrecen en los viajes largos"/>
		<property name="rating" ref="rating4"/>
		<property name="airline" ref="airline3"/>
		<property name="user" ref="user1"/>
	</bean>
	
	<!-- Ratings -->
	
	<bean id="rating1" class="domain.Rating">
		<property name="flight" value="5"/>
		<property name="airline" value="5"/>
		<property name="service" value="5"/>
		<property name="comfort" value="0"/>
	</bean>
	
	<bean id="rating2" class="domain.Rating">
		<property name="flight" value="4"/>
		<property name="airline" value="0"/>
		<property name="service" value="1"/>
		<property name="comfort" value="4"/>
	</bean>
	
	<bean id="rating3" class="domain.Rating">
		<property name="flight" value="4"/>
		<property name="airline" value="4"/>
		<property name="service" value="2"/>
		<property name="comfort" value="3"/>
	</bean>
	
	<bean id="rating4" class="domain.Rating">
		<property name="flight" value="4"/>
		<property name="airline" value="4"/>
		<property name="service" value="4"/>
		<property name="comfort" value="1"/>
	</bean>
	
	<bean id="rating5" class="domain.Rating">
		<property name="flight" value="2"/>
		<property name="airline" value="3"/>
		<property name="service" value="4"/>
		<property name="comfort" value="3"/>
	</bean>
	
</beans>