<?xml version="1.0" encoding="UTF-8"?>

<!-- 
 * i18n-l10n.xml
 *
 * Copyright (C) 2017 Universidad de Sevilla
 * 
 * The use of this project is hereby constrained to the conditions of the 
 * TDG Licence, a copy of which you may download from 
 * http://www.tdg-seville.info/License.html
 -->

<beans xmlns="http://www.springframework.org/schema/beans"
	xmlns:xsi="http://www.w3.org/2001/XMLSchema-instance" xmlns:util="http://www.springframework.org/schema/util"
	xsi:schemaLocation="
		http://www.springframework.org/schema/beans http://www.springframework.org/schema/beans/spring-beans-4.0.xsd
		http://www.springframework.org/schema/util http://www.springframework.org/schema/util/spring-util-4.0.xsd 
	">

	<util:list id="messages">
		<value>/views/master-page/messages</value>
		<value>/views/misc/messages</value>
		<value>/views/security/messages</value>		
		<value>/views/welcome/messages</value>
		
		<value>/views/administrator/messages</value>
		<value>/views/airline/messages</value>
		<value>/views/airlineConfiguration/messages</value>
		<value>/views/airport/messages</value>
		<value>/views/applies/messages</value>
		<value>/views/banner/messages</value>
		<value>/views/book/messages</value>
		<value>/views/campaign/messages</value>
		<value>/views/comment/messages</value>
		<value>/views/creditCard/messages</value>
		<value>/views/finder/messages</value>
		<value>/views/flight/messages</value>
		<value>/views/invoice/messages</value>
		<value>/views/manager/messages</value>
		<value>/views/monthlyBill/messages</value>
		<value>/views/offer/messages</value>
		<value>/views/pointsCard/messages</value>
		<value>/views/profile/messages</value>
		<value>/views/season/messages</value>
		
		<value>/views/configuration/messages</value>
	</util:list>

</beans>