<?xml version="1.0" encoding="UTF-8"?>

<!-- 
 * security.xml
 *
 * Copyright (C) 2017 Universidad de Sevilla
 * 
 * The use of this project is hereby constrained to the conditions of the 
 * TDG Licence, a copy of which you may download from 
 * http://www.tdg-seville.info/License.html
 -->

<beans xmlns="http://www.springframework.org/schema/beans"
	xmlns:xsi="http://www.w3.org/2001/XMLSchema-instance" xmlns:security="http://www.springframework.org/schema/security"	
	xsi:schemaLocation="
		http://www.springframework.org/schema/beans http://www.springframework.org/schema/beans/spring-beans-4.0.xsd		
        http://www.springframework.org/schema/security http://www.springframework.org/schema/security/spring-security-3.2.xsd
    ">

	<!-- Security infrastructure -->

	<bean id="loginService" class="security.LoginService" />

	<bean id="passwordEncoder"
		class="org.springframework.security.authentication.encoding.Md5PasswordEncoder" />

	<!-- Access control -->

	<security:http auto-config="true" use-expressions="true">
		<security:intercept-url pattern="/" access="permitAll" /> 

		<security:intercept-url pattern="/favicon.ico" access="permitAll" /> 
		<security:intercept-url pattern="/images/**" access="permitAll" /> 
		<security:intercept-url pattern="/scripts/**" access="permitAll" /> 
		<security:intercept-url pattern="/styles/**" access="permitAll" /> 

		<security:intercept-url pattern="/views/misc/index.jsp" access="permitAll" /> 

		<security:intercept-url pattern="/security/login.do" access="permitAll" /> 
		<security:intercept-url pattern="/security/loginFailure.do" access="permitAll" /> 
		
		<security:intercept-url pattern="/misc/conditions.do" access="permitAll" /> 
		
		<security:intercept-url pattern="/welcome/index.do" access="permitAll" /> 
		
		<!-- isAnonymous -->
		
		<security:intercept-url pattern="/user/register.do" access="isAnonymous()" />
		
		<!-- isAuthenticated -->
		
		<security:intercept-url pattern="/profile/actor/display.do" access="isAuthenticated()" />
		<security:intercept-url pattern="/profile/actor/edit.do" access="isAuthenticated()" />
		
		<!-- permitAll -->
		
		<security:intercept-url pattern="/airline/display.do" access="permitAll" />
		
		<security:intercept-url pattern="/flight/list.do" access="permitAll" />
		
		<security:intercept-url pattern="/invoice/invoice/create.do" access="hasRole('USER')" />
		
		<!-- USER -->
		
		<security:intercept-url pattern="/applies/user/create.do" access="hasRole('USER')" />
		
		<security:intercept-url pattern="/book/user/listByUser.do" access="hasRole('USER')" />
		<security:intercept-url pattern="/book/user/display.do" access="hasRole('USER')" />
		<security:intercept-url pattern="/book/user/create.do" access="hasRole('USER')" />
		<security:intercept-url pattern="/book/user/createWithoutReturn.do" access="hasRole('USER')" />
		<security:intercept-url pattern="/book/user/delete.do" access="hasRole('USER')" />
		
		<security:intercept-url pattern="/creditCard/user/list.do" access="hasRole('USER')" />
		<security:intercept-url pattern="/creditCard/user/create.do" access="hasRole('USER')" />
		<security:intercept-url pattern="/creditCard/user/edit.do" access="hasRole('USER')" />
		<security:intercept-url pattern="/creditCard/user/delete.do" access="hasRole('USER')" />
		
		<security:intercept-url pattern="/comment/user/create.do" access="hasRole('USER')" />
		<security:intercept-url pattern="/comment/user/edit.do" access="hasRole('USER')" />
		
		<security:intercept-url pattern="/finder/user/display.do" access="hasRole('USER')" />
		<security:intercept-url pattern="/finder/user/edit.do" access="hasRole('USER')" />
		<security:intercept-url pattern="/finder/user/create.do" access="hasRole('USER')" />
		<security:intercept-url pattern="/finder/user/findByFinder.do" access="hasRole('USER')" />
		
		<security:intercept-url pattern="/invoice/user/list.do" access="hasRole('USER')" />
		
		<security:intercept-url pattern="/pointsCard/user/listByUser.do" access="hasRole('USER')" />
		
		<!-- MANAGER -->
		
		<security:intercept-url pattern="/airlineConfiguration/manager/display.do" access="hasRole('MANAGER')" /> 
		<security:intercept-url pattern="/airlineConfiguration/manager/edit.do" access="hasRole('MANAGER')" /> 
		<security:intercept-url pattern="/airlineConfiguration/manager/create.do" access="hasRole('MANAGER')" /> 
		<security:intercept-url pattern="/airlineConfiguration/manager/delete.do" access="hasRole('MANAGER')" /> 

		<security:intercept-url pattern="/banner/manager/list.do" access="hasRole('MANAGER')" /> 
		<security:intercept-url pattern="/banner/manager/create.do" access="hasRole('MANAGER')" /> 
		<security:intercept-url pattern="/banner/manager/edit.do" access="hasRole('MANAGER')" /> 
		<security:intercept-url pattern="/banner/manager/delete.do" access="hasRole('MANAGER')" />
		
		<security:intercept-url pattern="/campaign/manager/list.do" access="hasRole('MANAGER')" /> 
		<security:intercept-url pattern="/campaign/manager/create.do" access="hasRole('MANAGER')" /> 
		<security:intercept-url pattern="/campaign/manager/edit.do" access="hasRole('MANAGER')" /> 
		<security:intercept-url pattern="/campaign/manager/delete.do" access="hasRole('MANAGER')" />
		
		<security:intercept-url pattern="/flight/manager/listByAirline.do" access="hasRole('MANAGER')" /> 
		<security:intercept-url pattern="/flight/manager/display.do" access="hasRole('MANAGER')" /> 
		<security:intercept-url pattern="/flight/manager/create.do" access="hasRole('MANAGER')" /> 
		<security:intercept-url pattern="/flight/manager/delete.do" access="hasRole('MANAGER')" />
		<security:intercept-url pattern="/flight/manager/edit.do" access="hasRole('MANAGER')" />
		
		<security:intercept-url pattern="/invoice/manager/list.do" access="hasRole('MANAGER')" />
		<security:intercept-url pattern="/invoice/manager/markAsPaid.do" access="hasRole('MANAGER')" />
		
		<security:intercept-url pattern="/monthlyBill/manager/list.do" access="hasRole('MANAGER')" /> 
		<security:intercept-url pattern="/monthlyBill/manager/create.do" access="hasRole('MANAGER')" /> 
		<security:intercept-url pattern="/monthlyBill/manager/edit.do" access="hasRole('MANAGER')" /> 
		<security:intercept-url pattern="/monthlyBill/manager/delete.do" access="hasRole('MANAGER')" />
		<security:intercept-url pattern="/monthlyBill/manager/pay.do" access="hasRole('MANAGER')" />
		
		<security:intercept-url pattern="/offer/manager/list.do" access="hasRole('MANAGER')" /> 
		<security:intercept-url pattern="/offer/manager/create.do" access="hasRole('MANAGER')" /> 
		<security:intercept-url pattern="/offer/manager/edit.do" access="hasRole('MANAGER')" /> 
		<security:intercept-url pattern="/offer/manager/delete.do" access="hasRole('MANAGER')" />
		<security:intercept-url pattern="/offer/manager/display.do" access="hasRole('MANAGER')" />
		
		<security:intercept-url pattern="/pointsCard/manager/listByManager.do" access="hasRole('MANAGER')" />
		<security:intercept-url pattern="/pointsCard/manager/resetExpired.do" access="hasRole('MANAGER')" />
		
		<security:intercept-url pattern="/season/manager/listByAirline.do" access="hasRole('MANAGER')" /> 
		<security:intercept-url pattern="/season/manager/display.do" access="hasRole('MANAGER')" /> 
		<security:intercept-url pattern="/season/manager/create.do" access="hasRole('MANAGER')" /> 
		<security:intercept-url pattern="/season/manager/delete.do" access="hasRole('MANAGER')" />
		
		<security:intercept-url pattern="/book/manager/display.do" access="hasRole('MANAGER')" />
		
		
		<!-- ADMIN -->
		
		<security:intercept-url pattern="/airline/administrator/list.do" access="hasRole('ADMIN')" />
		<security:intercept-url pattern="/airline/administrator/display.do" access="hasRole('ADMIN')" />
		<security:intercept-url pattern="/airline/administrator/create.do" access="hasRole('ADMIN')" />
		<security:intercept-url pattern="/airline/administrator/edit.do" access="hasRole('ADMIN')" />
		
		<security:intercept-url pattern="/airport/administrator/list.do" access="hasRole('ADMIN')" />
		<security:intercept-url pattern="/airport/administrator/display.do" access="hasRole('ADMIN')" />
		<security:intercept-url pattern="/airport/administrator/create.do" access="hasRole('ADMIN')" />
		<security:intercept-url pattern="/airport/administrator/edit.do" access="hasRole('ADMIN')" />
		
		<security:intercept-url pattern="/invoice/administrator/list.do" access="hasRole('ADMIN')" />
		<security:intercept-url pattern="/invoice/administrator/generateInvoices.do" access="hasRole('ADMIN')" />
		
		<security:intercept-url pattern="/managerUser/administrator/register.do" access="hasRole('ADMIN')" />
		
		<security:intercept-url pattern="/monthlyBill/administrator/list.do" access="hasRole('ADMIN')" />
		<security:intercept-url pattern="/monthlyBill/administrator/create.do" access="hasRole('ADMIN')" />
		
		<security:intercept-url pattern="/configuration/administrator/display.do" access="hasRole('ADMIN')" />
		<security:intercept-url pattern="/configuration/administrator/edit.do" access="hasRole('ADMIN')" />
		
		<security:intercept-url pattern="/administrator/dashboard.do" access="hasRole('ADMIN')" />
		
		<!-- MANAGER, ADMIN -->
		
		<security:intercept-url pattern="/monthlyBill/actor/display.do" access="hasAnyRole('MANAGER', 'ADMIN')" />
	
		<security:intercept-url pattern="/**" access="hasRole('NONE')" />

		<security:form-login 
			login-page="/security/login.do"
			password-parameter="password" 
			username-parameter="username"
			authentication-failure-url="/security/loginFailure.do" />

		<security:logout 
			logout-success-url="/" 
			invalidate-session="true" />
	</security:http>

</beans>